[{
        "author" : "Natsuya", 
        "name" : "darkerStoned", 
        "keyWords" : "dark,theme", 
        "version" : "0.0.4", 
        "dofusVersion" : "2.72", 
        "description" : "A modification of the darkStoned theme, darker and less colored.", 
        "url" : "https://github.com/u-neeks/DOFUS/raw/main/THEMES/darkerStoned.zip", 
        "previewUrl" : "https://github.com/u-neeks/DOFUS/raw/main/THEMES/darkerStonedPreview.png", 
        "creationDate" : "17/07/2017", 
        "modificationDate" : "28/06/2024" 
}]